a,b
捃拾帖 一,k010
捃拾帖 二,k020
捃拾帖 三,k030
捃拾帖 四,k040
捃拾帖 五,k050
捃拾帖 六,k060
捃拾帖 七,k070
捃拾帖 八,k080
捃拾帖 九,k090
捃拾帖 十,k100

捃拾帖 十一,k110
捃拾帖 十二,k120
捃拾帖 十三,k130
捃拾帖 十四,k140
捃拾帖 十五,k150
捃拾帖 十六,k160
捃拾帖 十七,k170
捃拾帖 十八,k180

捃拾帖 十九,k190
捃拾帖 二十,k200
捃拾帖 二十一,k210
捃拾帖 二十二,k220
捃拾帖 二十三,k230
捃拾帖 二十四,k240
捃拾帖 二十五,k250
捃拾帖 二十六,k260
捃拾帖 二十七,k270
捃拾帖 二十八,k280
捃拾帖 二十九,k290
捃拾帖 三十一,k310
捃拾帖 三十二,k320
捃拾帖 三十三,k330
捃拾帖 三十四,k340
捃拾帖 三十五,k350
捃拾帖 三十六,k360
捃拾帖 三十七,k370
捃拾帖 (丁)三十八,k380
捃拾帖 (丙)三十九,k390
捃拾帖 (乙)四十,k400
捃拾帖 (甲)四一,k410
捃拾帖 四二,k420
捃拾帖 四三,k430
捃拾帖 四四,k440
捃拾帖 四五,k450
捃拾帖 四六,k460
捃拾帖 四七,k470
捃拾帖 四八,k480
捃拾帖 四九,k490
捃拾帖 五十,k500
捃拾帖 五一,k510
捃拾帖 五二,k520
捃拾帖 五三,k530
捃拾帖 五四,k540
捃拾帖 五五,k550
捃拾帖 五六,k560
捃拾帖 五八,k580
捃拾帖 五九,k590
捃拾帖 六四,k640
捃拾帖 六五,k650
捃拾帖 六六,k660
捃拾帖 六七,k670
捃拾帖 六八,k680
捃拾帖 六九,k690
捃拾帖 七十,k700
捃拾帖 七一,k710
捃拾帖 七二,k720
捃拾帖 七三,k730
捃拾帖 七四,k740
捃拾帖 七五,k750
捃拾帖 七六,k760
捃拾帖 七七,k770
捃拾帖 七八,k780
捃拾帖 七九,k790
捃拾帖 八十,k800
捃拾帖 八一,k810
捃拾帖 八二,k820
捃拾帖 八三,k830
捃拾帖 八四,k840
捃拾帖 八五,k850
捃拾帖 八六,k860
捃拾帖 八七,k870
捃拾帖 八八,k880
捃拾帖 八九,k890
捃拾帖 九十,k900
捃拾帖 九一,k910
捃拾帖 九二,k920
捃拾帖 九三,k930
捃拾帖 九四,k940
捃拾帖 九五,k950
捃拾帖 三十乙,k300
捃拾帖 三十甲,k301
博物帖,z010
外国捃拾帖 一,z001
外国捃拾帖 三,z003
外国捃拾帖 二,z002
外国捃拾帖 五,z005
外国捃拾帖 四,z004
捃拾印刷雑帖,z012
新古大捃拾帖,z011